[
  { "city": "New York", "state": "New York", "country": "United States", "aliases": ["nyc", "new york city"] },
  { "city": "San Francisco", "state": "California", "country": "United States", "aliases": ["sf", "bay area"] },
  { "city": "San Jose", "state": "California", "country": "United States", "aliases": ["silicon valley"] },
  { "city": "Oakland", "state": "California", "country": "United States" },
  { "city": "Palo Alto", "state": "California", "country": "United States" },
  { "city": "Mountain View", "state": "California", "country": "United States" },
  { "city": "Sunnyvale", "state": "California", "country": "United States" },
  { "city": "Cupertino", "state": "California", "country": "United States" },
  { "city": "Redwood City", "state": "California", "country": "United States" },
  { "city": "Menlo Park", "state": "California", "country": "United States" },
  { "city": "Los Angeles", "state": "California", "country": "United States", "aliases": ["la"] },
  { "city": "San Diego", "state": "California", "country": "United States" },
  { "city": "Sacramento", "state": "California", "country": "United States" },
  { "city": "Seattle", "state": "Washington", "country": "United States" },
  { "city": "Bellevue", "state": "Washington", "country": "United States" },
  { "city": "Redmond", "state": "Washington", "country": "United States" },
  { "city": "Portland", "state": "Oregon", "country": "United States" },
  { "city": "Austin", "state": "Texas", "country": "United States" },
  { "city": "Dallas", "state": "Texas", "country": "United States" },
  { "city": "Houston", "state": "Texas", "country": "United States" },
  { "city": "San Antonio", "state": "Texas", "country": "United States" },
  { "city": "Denver", "state": "Colorado", "country": "United States" },
  { "city": "Boulder", "state": "Colorado", "country": "United States" },
  { "city": "Colorado Springs", "state": "Colorado", "country": "United States" },
  { "city": "Chicago", "state": "Illinois", "country": "United States" },
  { "city": "Boston", "state": "Massachusetts", "country": "United States" },
  { "city": "Cambridge", "state": "Massachusetts", "country": "United States" },
  { "city": "Atlanta", "state": "Georgia", "country": "United States" },
  { "city": "Miami", "state": "Florida", "country": "United States" },
  { "city": "Orlando", "state": "Florida", "country": "United States" },
  { "city": "Tampa", "state": "Florida", "country": "United States" },
  { "city": "Jacksonville", "state": "Florida", "country": "United States" },
  { "city": "Raleigh", "state": "North Carolina", "country": "United States" },
  { "city": "Durham", "state": "North Carolina", "country": "United States" },
  { "city": "Charlotte", "state": "North Carolina", "country": "United States" },
  { "city": "Washington", "state": "District of Columbia", "country": "United States", "aliases": ["washington dc", "dc", "washington, dc"] },
  { "city": "Arlington", "state": "Virginia", "country": "United States" },
  { "city": "Richmond", "state": "Virginia", "country": "United States" },
  { "city": "Philadelphia", "state": "Pennsylvania", "country": "United States" },
  { "city": "Pittsburgh", "state": "Pennsylvania", "country": "United States" },
  { "city": "Columbus", "state": "Ohio", "country": "United States" },
  { "city": "Cincinnati", "state": "Ohio", "country": "United States" },
  { "city": "Cleveland", "state": "Ohio", "country": "United States" },
  { "city": "Detroit", "state": "Michigan", "country": "United States" },
  { "city": "Ann Arbor", "state": "Michigan", "country": "United States" },
  { "city": "Minneapolis", "state": "Minnesota", "country": "United States" },
  { "city": "St. Louis", "state": "Missouri", "country": "United States" },
  { "city": "Kansas City", "state": "Missouri", "country": "United States" },
  { "city": "Nashville", "state": "Tennessee", "country": "United States" },
  { "city": "Salt Lake City", "state": "Utah", "country": "United States" },
  { "city": "Provo", "state": "Utah", "country": "United States" },
  { "city": "Phoenix", "state": "Arizona", "country": "United States" },
  { "city": "Scottsdale", "state": "Arizona", "country": "United States" },
  { "city": "Tempe", "state": "Arizona", "country": "United States" },
  { "city": "Indianapolis", "state": "Indiana", "country": "United States" },
  { "city": "Madison", "state": "Wisconsin", "country": "United States" },
  { "city": "Milwaukee", "state": "Wisconsin", "country": "United States" },
  { "city": "Baltimore", "state": "Maryland", "country": "United States" },
  { "city": "Newark", "state": "New Jersey", "country": "United States" },
  { "city": "Jersey City", "state": "New Jersey", "country": "United States" },
  { "city": "Providence", "state": "Rhode Island", "country": "United States" },
  { "city": "Hartford", "state": "Connecticut", "country": "United States" },
  { "city": "Toronto", "state": "Canada", "country": "Canada" },
  { "city": "Vancouver", "state": "Canada", "country": "Canada" },
  { "city": "Montreal", "state": "Canada", "country": "Canada" },
  { "city": "Ottawa", "state": "Canada", "country": "Canada" },
  { "city": "Calgary", "state": "Canada", "country": "Canada" },
  { "city": "Edmonton", "state": "Canada", "country": "Canada" },
  { "city": "Waterloo", "state": "Canada", "country": "Canada" },
  { "city": "London", "state": "United Kingdom", "country": "United Kingdom" },
  { "city": "Manchester", "state": "United Kingdom", "country": "United Kingdom" },
  { "city": "Edinburgh", "state": "United Kingdom", "country": "United Kingdom" },
  { "city": "Cambridge", "state": "United Kingdom", "country": "United Kingdom" },
  { "city": "Oxford", "state": "United Kingdom", "country": "United Kingdom" },
  { "city": "Bristol", "state": "United Kingdom", "country": "United Kingdom" },
  { "city": "Dublin", "state": "Ireland", "country": "Ireland" },
  { "city": "Paris", "state": "France", "country": "France" },
  { "city": "Lyon", "state": "France", "country": "France" },
  { "city": "Berlin", "state": "Germany", "country": "Germany" },
  { "city": "Munich", "state": "Germany", "country": "Germany" },
  { "city": "Frankfurt", "state": "Germany", "country": "Germany" },
  { "city": "Hamburg", "state": "Germany", "country": "Germany" },
  { "city": "Stuttgart", "state": "Germany", "country": "Germany" },
  { "city": "Zurich", "state": "Switzerland", "country": "Switzerland" },
  { "city": "Geneva", "state": "Switzerland", "country": "Switzerland" },
  { "city": "Amsterdam", "state": "Netherlands", "country": "Netherlands" },
  { "city": "Rotterdam", "state": "Netherlands", "country": "Netherlands" },
  { "city": "Madrid", "state": "Spain", "country": "Spain" },
  { "city": "Barcelona", "state": "Spain", "country": "Spain" },
  { "city": "Valencia", "state": "Spain", "country": "Spain" },
  { "city": "Lisbon", "state": "Portugal", "country": "Portugal" },
  { "city": "Porto", "state": "Portugal", "country": "Portugal" },
  { "city": "Brussels", "state": "Belgium", "country": "Belgium" },
  { "city": "Copenhagen", "state": "Denmark", "country": "Denmark" },
  { "city": "Stockholm", "state": "Sweden", "country": "Sweden" },
  { "city": "Gothenburg", "state": "Sweden", "country": "Sweden" },
  { "city": "Oslo", "state": "Norway", "country": "Norway" },
  { "city": "Helsinki", "state": "Finland", "country": "Finland" },
  { "city": "Rome", "state": "Italy", "country": "Italy" },
  { "city": "Milan", "state": "Italy", "country": "Italy" },
  { "city": "Warsaw", "state": "Poland", "country": "Poland" },
  { "city": "Prague", "state": "Czech Republic", "country": "Czech Republic" },
  { "city": "Vienna", "state": "Austria", "country": "Austria" },
  { "city": "Budapest", "state": "Hungary", "country": "Hungary" },
  { "city": "Singapore", "state": "Singapore", "country": "Singapore" },
  { "city": "Hong Kong", "state": "Hong Kong", "country": "Hong Kong" },
  { "city": "Tokyo", "state": "Japan", "country": "Japan" },
  { "city": "Osaka", "state": "Japan", "country": "Japan" },
  { "city": "Kyoto", "state": "Japan", "country": "Japan" },
  { "city": "Yokohama", "state": "Japan", "country": "Japan" },
  { "city": "Seoul", "state": "South Korea", "country": "South Korea" },
  { "city": "Busan", "state": "South Korea", "country": "South Korea" },
  { "city": "Incheon", "state": "South Korea", "country": "South Korea" },
  { "city": "Daejeon", "state": "South Korea", "country": "South Korea" },
  { "city": "Shanghai", "state": "China", "country": "China" },
  { "city": "Beijing", "state": "China", "country": "China" },
  { "city": "Shenzhen", "state": "China", "country": "China" },
  { "city": "Guangzhou", "state": "China", "country": "China" },
  { "city": "Bangalore", "state": "India", "country": "India", "aliases": ["bengaluru"] },
  { "city": "Hyderabad", "state": "India", "country": "India" },
  { "city": "Chennai", "state": "India", "country": "India" },
  { "city": "Mumbai", "state": "India", "country": "India", "aliases": ["bombay"] },
  { "city": "Pune", "state": "India", "country": "India" },
  { "city": "Delhi", "state": "India", "country": "India" },
  { "city": "Gurugram", "state": "India", "country": "India", "aliases": ["gurgaon"] },
  { "city": "Noida", "state": "India", "country": "India" },
  { "city": "Tel Aviv", "state": "Israel", "country": "Israel" },
  { "city": "Dubai", "state": "United Arab Emirates", "country": "United Arab Emirates" },
  { "city": "Abu Dhabi", "state": "United Arab Emirates", "country": "United Arab Emirates" },
  { "city": "Sydney", "state": "Australia", "country": "Australia" },
  { "city": "Melbourne", "state": "Australia", "country": "Australia" },
  { "city": "Brisbane", "state": "Australia", "country": "Australia" },
  { "city": "Perth", "state": "Australia", "country": "Australia" },
  { "city": "Auckland", "state": "New Zealand", "country": "New Zealand" },
  { "city": "Wellington", "state": "New Zealand", "country": "New Zealand" },
  { "city": "Sao Paulo", "state": "Brazil", "country": "Brazil" },
  { "city": "Rio de Janeiro", "state": "Brazil", "country": "Brazil" },
  { "city": "Brasilia", "state": "Brazil", "country": "Brazil" },
  { "city": "Buenos Aires", "state": "Argentina", "country": "Argentina" },
  { "city": "Santiago", "state": "Chile", "country": "Chile" },
  { "city": "Bogota", "state": "Colombia", "country": "Colombia" },
  { "city": "Medellin", "state": "Colombia", "country": "Colombia" },
  { "city": "Mexico City", "state": "Mexico", "country": "Mexico", "aliases": ["cdmx"] },
  { "city": "Guadalajara", "state": "Mexico", "country": "Mexico" },
  { "city": "Monterrey", "state": "Mexico", "country": "Mexico" },
  { "city": "Lima", "state": "Peru", "country": "Peru" },
  { "city": "Montevideo", "state": "Uruguay", "country": "Uruguay" },
  { "city": "Doha", "state": "Qatar", "country": "Qatar" },
  { "city": "Remote", "state": "Remote", "country": "United States", "aliases": ["remote only", "fully remote", "remote - us only", "remote, us", "remote (us only)", "remote us", "us remote", "remote usa", "remote united states", "remote (us)", "remote - usa"], "remoteOnly": true }
]
